Underlying,Strike,IV,TTM,RF,DivRate
113.8636243,117.2942847,0.2,143,0.045,0.051781781
