RF,Expected_Value_1,Expected_Value_2,Expected_Value_3
0.045,0.14821958283814196,0.13628692439943518,0.15384229268089733
