Asset1,Asset2,Asset3
0.04883535474281825,0.008637952632336946,0.010299115396403501
0.008637952632336946,0.038196827928985995,0.009108490295362148
0.010299115396403501,0.009108490295362148,0.05430071026771573
