weight1,weight2,weight3
0.25660745651692934,0.4653890272327962,0.2780035162502745
